ID,Name,Email,Phone,City
28,Simran Kapoor,simran.kapoor28@gmail.com,9513140753,Hyderabad
38,Aakash Patel,aakash.patel38@yahoo.com,9808402051,Pune
34,Aakash Kumar,aakash.kumar34@gmail.com,9743111853,Kolkata
41,Suresh Chopra,suresh.chopra41@hotmail.com,9655742829,Pune
  43 , Amit Trivedi  ,amit.trivedi43@yahoo.com,9731832764,  Bangalore
36,Kavya Verma,kavya.verma36@yahoo.com,9709194872,Delhi
  33 , Radhika Mehta  ,radhika.mehta33@yahoo.com,9264109919,  Kolkata
58,Amit Malhotra,amit.malhotra58@outlook.com,9941889393,Pune
52,Rohan Pillai,rohan.pillai52@hotmail.com,9250519597,Hyderabad
39,Meera Kumar,meera.kumar39@outlook.com,9666585408,Lucknow
16,Suresh Iyer,suresh.iyer16@hotmail.com,9782560971,Kolkata
  6 , Varun Pillai  ,varun.pillai6@hotmail.com,9336696312,  Pune
57,Radhika Malhotra,radhika.malhotra57@gmail.com,9276777762,Hyderabad
24,Kavya Pillai,kavya.pillai24@outlook.com,9902099969,Lucknow
1,Nikhil Singh,nikhil.singh1@gmail.com,9896233790,Chennai
29,Shreya Rao,shreya.rao29@outlook.com,9694021782,Amritsar
60,Neha Reddy,neha.reddy60@gmail.com,9721890096,Jaipur
61,Priya Joshi,priya.joshi61@gmail.com,9153839920,Lucknow
2,Kavya Nair,kavya.nair2@yahoo.com,9890779946,Delhi
65,Kavya Trivedi,kavya.trivedi65@gmail.com,9765055833,Delhi
37,Rahul Bose,rahul.bose37@gmail.com,9916690353,Jaipur
59,Neha Kapoor,neha.kapoor59@hotmail.com,9266211829,Bangalore
63,Rahul Kumar,rahul.kumar63@gmail.com,9738914080,Delhi
12,Swati Malhotra,swati.malhotra12@gmail.com,9692749116,Chennai
39,Meera Kumar,meera.kumar39@outlook.com,9666585408,Lucknow
50,Manoj Verma,manoj.verma50@gmail.com,9165082363,Hyderabad
69,Amit Rao,amit.rao69@gmail.com,9178663096,Jaipur
34,Aakash Kumar,aakash.kumar34@gmail.com,9743111853,Kolkata
9,Rohan Joshi,rohan.joshi9@gmail.com,9199585092,Hyderabad
35,Ritu Sharma,ritu.sharma35@gmail.com,9489747629,Chennai
14,Varun Gupta,varun.gupta14@gmail.com,9810026086,Bangalore
14,Varun Gupta,varun.gupta14@gmail.com,9810026086,Bangalore
8,Varun Kapoor,varun.kapoor8@outlook.com,9398362082,Mumbai
18,Varun Gupta,varun.gupta18@yahoo.com,9673528321,Bangalore
70,Rohan Desai,rohan.desai70@outlook.com,9242224154,Kolkata
64,Ishita Nair,ishita.nair64@hotmail.com,9228727266,Lucknow
44,Amit Gupta,amit.gupta44@gmail.com,9345824373,Delhi
33,Radhika Mehta,radhika.mehta33@yahoo.com,9264109919,Kolkata
62,Ritu Desai,ritu.desai62@yahoo.com,9161073976,Jaipur
42,Sneha Nair,sneha.nair42@yahoo.com,9168747287,Kolkata
27,Radhika Singh,radhika.singh27@yahoo.com,9773715057,Mumbai
18,Varun Gupta,varun.gupta18@yahoo.com,9673528321,Bangalore
22,Rohan Trivedi,rohan.trivedi22@outlook.com,9328306011,Pune
26,Vikram Desai,vikram.desai26@hotmail.com,9197613238,Amritsar
66,Pooja Trivedi,pooja.trivedi66@outlook.com,9379995032,Bangalore
67,Ishita Joshi,ishita.joshi67@yahoo.com,9385201412,Hyderabad
  12 , Swati Malhotra  ,swati.malhotra12@gmail.com,9692749116,  Chennai
49,Ishita Kapoor,ishita.kapoor49@outlook.com,9554814084,Hyderabad
54,Manoj Pillai,manoj.pillai54@gmail.com,9154318806,Jaipur
37,Rahul Bose,rahul.bose37@gmail.com,9916690353,Jaipur
68,Vikram Mehta,vikram.mehta68@hotmail.com,9439492674,Delhi
30,Ishita Singh,ishita.singh30@outlook.com,9925276600,Kolkata
13,Deepak Bhatt,deepak.bhatt13@outlook.com,9719927151,Bangalore
  7 , Ajay Iyer  ,ajay.iyer7@gmail.com,9914763202,  Mumbai
48,Simran Kapoor,simran.kapoor48@yahoo.com,9201281557,Delhi
  36 , Kavya Verma  ,kavya.verma36@yahoo.com,9709194872,  Delhi
3,Ishita Pillai,ishita.pillai3@gmail.com,9734036506,Hyderabad
20,Kavya Joshi,kavya.joshi20@gmail.com,9345938494,Amritsar
25,Pooja Trivedi,pooja.trivedi25@hotmail.com,9488690725,Bangalore
7,Ajay Iyer,ajay.iyer7@gmail.com,9914763202,Mumbai
45,Gaurav Verma,gaurav.verma45@outlook.com,9176082500,Jaipur
51,Tanvi Joshi,tanvi.joshi51@gmail.com,9366992705,Bangalore
11,Simran Verma,simran.verma11@hotmail.com,9675770529,Delhi
35,Ritu Sharma,ritu.sharma35@gmail.com,9489747629,Chennai
68,Vikram Mehta,vikram.mehta68@hotmail.com,9439492674,Delhi
34,Aakash Kumar,aakash.kumar34@gmail.com,9743111853,Kolkata
43,Amit Trivedi,amit.trivedi43@yahoo.com,9731832764,Bangalore
  17 , Anjali Chopra  ,anjali.chopra17@outlook.com,9324956459,  Chennai
4,Priya Sharma,priya.sharma4@gmail.com,9334760738,Bangalore
27,Radhika Singh,radhika.singh27@yahoo.com,9773715057,Mumbai
23,Suresh Rao,suresh.rao23@yahoo.com,9384412919,Mumbai
  34 , Aakash Kumar  ,aakash.kumar34@gmail.com,9743111853,  Kolkata
31,Sneha Mehta,sneha.mehta31@hotmail.com,9269820594,Pune
65,Kavya Trivedi,kavya.trivedi65@gmail.com,9765055833,Delhi
53,Anjali Iyer,anjali.iyer53@hotmail.com,9368227631,Delhi
  55 , Deepak Sharma  ,deepak.sharma55@gmail.com,9909134796,  Bangalore
39,Meera Kumar,meera.kumar39@outlook.com,9666585408,Lucknow
14,Varun Gupta,varun.gupta14@gmail.com,9810026086,Bangalore
32,Amit Iyer,amit.iyer32@yahoo.com,9645119047,Delhi
27,Radhika Singh,radhika.singh27@yahoo.com,9773715057,Mumbai
46,Kavya Iyer,kavya.iyer46@hotmail.com,9330035022,Jaipur
15,Aakash Mehta,aakash.mehta15@gmail.com,9349957310,Delhi
47,Vikram Trivedi,vikram.trivedi47@hotmail.com,9360916298,Pune
40,Pooja Reddy,pooja.reddy40@yahoo.com,9865523129,Chennai
6,Varun Pillai,varun.pillai6@hotmail.com,9336696312,Pune
17,Anjali Chopra,anjali.chopra17@outlook.com,9324956459,Chennai
56,Anjali Kapoor,anjali.kapoor56@hotmail.com,9616854671,Bangalore
19,Anjali Rao,anjali.rao19@hotmail.com,9389854268,Jaipur
  1 , Nikhil Singh  ,nikhil.singh1@gmail.com,9896233790,  Chennai
21,Simran Joshi,simran.joshi21@hotmail.com,9387484583,Delhi
48,Simran Kapoor,simran.kapoor48@yahoo.com,9201281557,Delhi
5,Sandeep Bhatt,sandeep.bhatt5@gmail.com,9702632297,Bangalore
70,Rohan Desai,rohan.desai70@outlook.com,9242224154,Kolkata
20,Kavya Joshi,kavya.joshi20@gmail.com,9345938494,Amritsar
37,Rahul Bose,rahul.bose37@gmail.com,9916690353,Jaipur
10,Sneha Chopra,sneha.chopra10@outlook.com,9748245888,Chennai
15,Aakash Mehta,aakash.mehta15@gmail.com,9349957310,Delhi
2,Kavya Nair,kavya.nair2@yahoo.com,9890779946,Delhi
32,Amit Iyer,amit.iyer32@yahoo.com,9645119047,Delhi
55,Deepak Sharma,deepak.sharma55@gmail.com,9909134796,Bangalore
44,Amit Gupta,amit.gupta44@gmail.com,9345824373,Delhi
9,Rohan Joshi,rohan.joshi9@gmail.com,9199585092,Hyderabad
57,Radhika Malhotra,radhika.malhotra57@gmail.com,9276777762,Hyderabad
63,Rahul Kumar,rahul.kumar63@gmail.com,9738914080,Delhi
21,Simran Joshi,simran.joshi21@hotmail.com,9387484583,Delhi
